"Part";"Value";"Device";"Package";"Description";"ARROW_PART_NUMBER";"ARROW_PRICE-STOCK";"DESCRIPTION";"DIGI-KEY_PART_NUMBER";"HEIGHT";"MANUFACTURER_NAME";"MANUFACTURER_PART_NUMBER";"MF";"MOUSER_PART_NUMBER";"MOUSER_PRICE-STOCK";"MP";"PACKAGE";"PURCHASE-URL";"VALUE";
"C1";"0.1uF";"C0805C104K5RAC7411";"CAPC2012X88N";"Cap Ceramic 0.1uF 50V X7R 10% Pad SMD 0805 125C T/R";"";"";"Cap Ceramic 0.1uF 50V X7R 10% Pad SMD 0805 125C T/R";"";"0.88mm";"Kemet";"C0805C104K5RAC7411";"";"80-C0805C104K5RACLR";"https://www.mouser.co.uk/ProductDetail/KEMET/C0805C104K5RAC7411/?qs=jbRM9o5BbzPcVXF0wW9AYg%3D%3D";"";"";"";"0.1uF";
"C2";"0.1uF";"C0805C104K5RAC7411";"CAPC2012X88N";"Cap Ceramic 0.1uF 50V X7R 10% Pad SMD 0805 125C T/R";"";"";"Cap Ceramic 0.1uF 50V X7R 10% Pad SMD 0805 125C T/R";"";"0.88mm";"Kemet";"C0805C104K5RAC7411";"";"80-C0805C104K5RACLR";"https://www.mouser.co.uk/ProductDetail/KEMET/C0805C104K5RAC7411/?qs=jbRM9o5BbzPcVXF0wW9AYg%3D%3D";"";"";"";"0.1uF";
"C3";"0.1uF";"C0805C104K5RAC7411";"CAPC2012X88N";"Cap Ceramic 0.1uF 50V X7R 10% Pad SMD 0805 125C T/R";"";"";"Cap Ceramic 0.1uF 50V X7R 10% Pad SMD 0805 125C T/R";"";"0.88mm";"Kemet";"C0805C104K5RAC7411";"";"80-C0805C104K5RACLR";"https://www.mouser.co.uk/ProductDetail/KEMET/C0805C104K5RAC7411/?qs=jbRM9o5BbzPcVXF0wW9AYg%3D%3D";"";"";"";"0.1uF";
"C4";"0.1uF";"C0805C104K5RAC7411";"CAPC2012X88N";"Cap Ceramic 0.1uF 50V X7R 10% Pad SMD 0805 125C T/R";"";"";"Cap Ceramic 0.1uF 50V X7R 10% Pad SMD 0805 125C T/R";"";"0.88mm";"Kemet";"C0805C104K5RAC7411";"";"80-C0805C104K5RACLR";"https://www.mouser.co.uk/ProductDetail/KEMET/C0805C104K5RAC7411/?qs=jbRM9o5BbzPcVXF0wW9AYg%3D%3D";"";"";"";"0.1uF";
"C5";"0.1uF";"C0805C104K5RAC7411";"CAPC2012X88N";"Cap Ceramic 0.1uF 50V X7R 10% Pad SMD 0805 125C T/R";"";"";"Cap Ceramic 0.1uF 50V X7R 10% Pad SMD 0805 125C T/R";"";"0.88mm";"Kemet";"C0805C104K5RAC7411";"";"80-C0805C104K5RACLR";"https://www.mouser.co.uk/ProductDetail/KEMET/C0805C104K5RAC7411/?qs=jbRM9o5BbzPcVXF0wW9AYg%3D%3D";"";"";"";"0.1uF";
"C6";"22uF";"F381A226MMAAXE";"CAPPC1609X90N";"22uF F38 Series Conductive Polymer, Miniature, Undertab Solid Electrolytic Chip Capacitors";"";"";"22uF F38 Series Conductive Polymer, Miniature, Undertab Solid Electrolytic Chip Capacitors";"";"0.9mm";"AVX";"F381A226MMAAXE";"";"581-F381A226MMAAXE";"https://www.mouser.co.uk/ProductDetail/AVX/F381A226MMAAXE?qs=gTYE2QTfZfQFi8JvXKXiKg%3D%3D";"";"";"";"22uF";
"C7";"22uF";"F381A226MMAAXE";"CAPPC1609X90N";"22uF F38 Series Conductive Polymer, Miniature, Undertab Solid Electrolytic Chip Capacitors";"";"";"22uF F38 Series Conductive Polymer, Miniature, Undertab Solid Electrolytic Chip Capacitors";"";"0.9mm";"AVX";"F381A226MMAAXE";"";"581-F381A226MMAAXE";"https://www.mouser.co.uk/ProductDetail/AVX/F381A226MMAAXE?qs=gTYE2QTfZfQFi8JvXKXiKg%3D%3D";"";"";"";"22uF";
"C8";"10uF";"TMK212BC6106KG-T";"CAPC2114X145N@1";"Status\tMass Production (Preferred) Capacitance\t10 uF +/- 10 % Case Size (EIA/JIS)\t0805/2012 Rated Voltage\t25 V tan (max)\t10 % Temperature Characteristic (EIA)\tX6S Operating Temp. Range (EIA)\t-55 to +105  High Temperature Loading (% Rated Voltage)\t150 % Insulation Resistance (min)\t100 MuF Dimension L\t2.0 +0.20/-0.00 mm Dimension W\t1.25 +0.20/-0.00 mm Dimension T\t1.25 +0.20/-0.00 mm Dimension e\t0.50 +/-0.25 mm RoHS Compliance (10 subst.)\tYes REACH Compliance (205 subst.)\tYes IEC62474 (Ver. D19";"";"";"Status Mass Production (Preferred) Capacitance 10 uF +/- 10 % Case Size (EIA/JIS) 0805/2012 Rated Voltage 25 V tan (max) 10 % Temperature Characteristic (EIA) X6S Operating Temp. Range (EIA) -55 to +105  High Temperature Loading (% Rated Voltage) 150 % Insulation Resistance (min) 100 MuF Dimension L 2.0 +0.20/-0.00 mm Dimension W 1.25 +0.20/-0.00 mm Dimension T 1.25 +0.20/-0.00 mm Dimension e 0.50 +/-0.25 mm RoHS Compliance (10 subst.) Yes REACH Compliance (205 subst.) Yes IEC62474 (Ver. D19";"";"1.45mm";"TAIYO YUDEN";"TMK212BC6106KG-T";"";"963-TMK212BC6106KG-T";"https://www.mouser.co.uk/ProductDetail/Taiyo-Yuden/TMK212BC6106KG-T/?qs=rI7uf1IzohRW7kV5WJ6mlg%3D%3D";"";"";"";"";
"C9";"4.7uF";"JMK212B7475KGHT";"CAPC2114X145N";"Taiyo Yuden JMK212B7475KGHT 4.7F MLCC 6.3V dc +/-10% Tolerance SMD";"";"";"Taiyo Yuden JMK212B7475KGHT 4.7F MLCC 6.3V dc +/-10% Tolerance SMD";"";"1.45mm";"TAIYO YUDEN";"JMK212B7475KGHT";"";"963-JMK212B7475KGHT";"https://www.mouser.co.uk/ProductDetail/Taiyo-Yuden/JMK212B7475KGHT/?qs=vmHwEFxEFR9NgetR%2FORAvw%3D%3D";"";"";"";"4.7uF";
"C10";"10uF";"TMK212BC6106KG-T";"CAPC2114X145N@1";"Status\tMass Production (Preferred) Capacitance\t10 uF +/- 10 % Case Size (EIA/JIS)\t0805/2012 Rated Voltage\t25 V tan (max)\t10 % Temperature Characteristic (EIA)\tX6S Operating Temp. Range (EIA)\t-55 to +105  High Temperature Loading (% Rated Voltage)\t150 % Insulation Resistance (min)\t100 MuF Dimension L\t2.0 +0.20/-0.00 mm Dimension W\t1.25 +0.20/-0.00 mm Dimension T\t1.25 +0.20/-0.00 mm Dimension e\t0.50 +/-0.25 mm RoHS Compliance (10 subst.)\tYes REACH Compliance (205 subst.)\tYes IEC62474 (Ver. D19";"";"";"Status Mass Production (Preferred) Capacitance 10 uF +/- 10 % Case Size (EIA/JIS) 0805/2012 Rated Voltage 25 V tan (max) 10 % Temperature Characteristic (EIA) X6S Operating Temp. Range (EIA) -55 to +105  High Temperature Loading (% Rated Voltage) 150 % Insulation Resistance (min) 100 MuF Dimension L 2.0 +0.20/-0.00 mm Dimension W 1.25 +0.20/-0.00 mm Dimension T 1.25 +0.20/-0.00 mm Dimension e 0.50 +/-0.25 mm RoHS Compliance (10 subst.) Yes REACH Compliance (205 subst.) Yes IEC62474 (Ver. D19";"";"1.45mm";"TAIYO YUDEN";"TMK212BC6106KG-T";"";"963-TMK212BC6106KG-T";"https://www.mouser.co.uk/ProductDetail/Taiyo-Yuden/TMK212BC6106KG-T/?qs=rI7uf1IzohRW7kV5WJ6mlg%3D%3D";"";"";"";"";
"C11";"10uF";"TMK212BC6106KG-T";"CAPC2114X145N@1";"Status\tMass Production (Preferred) Capacitance\t10 uF +/- 10 % Case Size (EIA/JIS)\t0805/2012 Rated Voltage\t25 V tan (max)\t10 % Temperature Characteristic (EIA)\tX6S Operating Temp. Range (EIA)\t-55 to +105  High Temperature Loading (% Rated Voltage)\t150 % Insulation Resistance (min)\t100 MuF Dimension L\t2.0 +0.20/-0.00 mm Dimension W\t1.25 +0.20/-0.00 mm Dimension T\t1.25 +0.20/-0.00 mm Dimension e\t0.50 +/-0.25 mm RoHS Compliance (10 subst.)\tYes REACH Compliance (205 subst.)\tYes IEC62474 (Ver. D19";"";"";"Status Mass Production (Preferred) Capacitance 10 uF +/- 10 % Case Size (EIA/JIS) 0805/2012 Rated Voltage 25 V tan (max) 10 % Temperature Characteristic (EIA) X6S Operating Temp. Range (EIA) -55 to +105  High Temperature Loading (% Rated Voltage) 150 % Insulation Resistance (min) 100 MuF Dimension L 2.0 +0.20/-0.00 mm Dimension W 1.25 +0.20/-0.00 mm Dimension T 1.25 +0.20/-0.00 mm Dimension e 0.50 +/-0.25 mm RoHS Compliance (10 subst.) Yes REACH Compliance (205 subst.) Yes IEC62474 (Ver. D19";"";"1.45mm";"TAIYO YUDEN";"TMK212BC6106KG-T";"";"963-TMK212BC6106KG-T";"https://www.mouser.co.uk/ProductDetail/Taiyo-Yuden/TMK212BC6106KG-T/?qs=rI7uf1IzohRW7kV5WJ6mlg%3D%3D";"";"";"";"";
"C12";"10uF";"TMK212BC6106KG-T";"CAPC2114X145N@1";"Status\tMass Production (Preferred) Capacitance\t10 uF +/- 10 % Case Size (EIA/JIS)\t0805/2012 Rated Voltage\t25 V tan (max)\t10 % Temperature Characteristic (EIA)\tX6S Operating Temp. Range (EIA)\t-55 to +105  High Temperature Loading (% Rated Voltage)\t150 % Insulation Resistance (min)\t100 MuF Dimension L\t2.0 +0.20/-0.00 mm Dimension W\t1.25 +0.20/-0.00 mm Dimension T\t1.25 +0.20/-0.00 mm Dimension e\t0.50 +/-0.25 mm RoHS Compliance (10 subst.)\tYes REACH Compliance (205 subst.)\tYes IEC62474 (Ver. D19";"";"";"Status Mass Production (Preferred) Capacitance 10 uF +/- 10 % Case Size (EIA/JIS) 0805/2012 Rated Voltage 25 V tan (max) 10 % Temperature Characteristic (EIA) X6S Operating Temp. Range (EIA) -55 to +105  High Temperature Loading (% Rated Voltage) 150 % Insulation Resistance (min) 100 MuF Dimension L 2.0 +0.20/-0.00 mm Dimension W 1.25 +0.20/-0.00 mm Dimension T 1.25 +0.20/-0.00 mm Dimension e 0.50 +/-0.25 mm RoHS Compliance (10 subst.) Yes REACH Compliance (205 subst.) Yes IEC62474 (Ver. D19";"";"1.45mm";"TAIYO YUDEN";"TMK212BC6106KG-T";"";"963-TMK212BC6106KG-T";"https://www.mouser.co.uk/ProductDetail/Taiyo-Yuden/TMK212BC6106KG-T/?qs=rI7uf1IzohRW7kV5WJ6mlg%3D%3D";"";"";"";"";
"C13";"22uF";"F381A226MMAAXE";"CAPPC1609X90N";"22uF F38 Series Conductive Polymer, Miniature, Undertab Solid Electrolytic Chip Capacitors";"";"";"22uF F38 Series Conductive Polymer, Miniature, Undertab Solid Electrolytic Chip Capacitors";"";"0.9mm";"AVX";"F381A226MMAAXE";"";"581-F381A226MMAAXE";"https://www.mouser.co.uk/ProductDetail/AVX/F381A226MMAAXE?qs=gTYE2QTfZfQFi8JvXKXiKg%3D%3D";"";"";"";"22uF";
"C18";"0.1uF";"C0805C104K5RAC7411";"CAPC2012X88N";"Cap Ceramic 0.1uF 50V X7R 10% Pad SMD 0805 125C T/R";"";"";"Cap Ceramic 0.1uF 50V X7R 10% Pad SMD 0805 125C T/R";"";"0.88mm";"Kemet";"C0805C104K5RAC7411";"";"80-C0805C104K5RACLR";"https://www.mouser.co.uk/ProductDetail/KEMET/C0805C104K5RAC7411/?qs=jbRM9o5BbzPcVXF0wW9AYg%3D%3D";"";"";"";"0.1uF";
"C19";"22pF";"C0805C220K1HACTU";"CAPC2012X88N@1";"Multilayer Ceramic Capacitors MLCC - SMD/SMT 100V 22pF X8R 0805 10%";"";"";"Multilayer Ceramic Capacitors MLCC - SMD/SMT 100V 22pF X8R 0805 10%";"";"0.88mm";"Kemet";"C0805C220K1HACTU";"";"80-C0805C220K1HACTU";"https://www.mouser.co.uk/ProductDetail/KEMET/C0805C220K1HACTU/?qs=W0yvOO0ixfHaPTgNXyVDyQ%3D%3D";"";"";"";"";
"C20";"22pF";"C0805C220K1HACTU";"CAPC2012X88N@1";"Multilayer Ceramic Capacitors MLCC - SMD/SMT 100V 22pF X8R 0805 10%";"";"";"Multilayer Ceramic Capacitors MLCC - SMD/SMT 100V 22pF X8R 0805 10%";"";"0.88mm";"Kemet";"C0805C220K1HACTU";"";"80-C0805C220K1HACTU";"https://www.mouser.co.uk/ProductDetail/KEMET/C0805C220K1HACTU/?qs=W0yvOO0ixfHaPTgNXyVDyQ%3D%3D";"";"";"";"";
"C22";"4.7uF";"JMK212B7475KGHT";"CAPC2114X145N";"Taiyo Yuden JMK212B7475KGHT 4.7F MLCC 6.3V dc +/-10% Tolerance SMD";"";"";"Taiyo Yuden JMK212B7475KGHT 4.7F MLCC 6.3V dc +/-10% Tolerance SMD";"";"1.45mm";"TAIYO YUDEN";"JMK212B7475KGHT";"";"963-JMK212B7475KGHT";"https://www.mouser.co.uk/ProductDetail/Taiyo-Yuden/JMK212B7475KGHT/?qs=vmHwEFxEFR9NgetR%2FORAvw%3D%3D";"";"";"";"4.7uF";
"C23";"4.7uF";"JMK212B7475KGHT";"CAPC2114X145N";"Taiyo Yuden JMK212B7475KGHT 4.7F MLCC 6.3V dc +/-10% Tolerance SMD";"";"";"Taiyo Yuden JMK212B7475KGHT 4.7F MLCC 6.3V dc +/-10% Tolerance SMD";"";"1.45mm";"TAIYO YUDEN";"JMK212B7475KGHT";"";"963-JMK212B7475KGHT";"https://www.mouser.co.uk/ProductDetail/Taiyo-Yuden/JMK212B7475KGHT/?qs=vmHwEFxEFR9NgetR%2FORAvw%3D%3D";"";"";"";"4.7uF";
"C26";"0.1uF";"C0805C104K5RAC7411";"CAPC2012X88N";"Cap Ceramic 0.1uF 50V X7R 10% Pad SMD 0805 125C T/R";"";"";"Cap Ceramic 0.1uF 50V X7R 10% Pad SMD 0805 125C T/R";"";"0.88mm";"Kemet";"C0805C104K5RAC7411";"";"80-C0805C104K5RACLR";"https://www.mouser.co.uk/ProductDetail/KEMET/C0805C104K5RAC7411/?qs=jbRM9o5BbzPcVXF0wW9AYg%3D%3D";"";"";"";"0.1uF";
"C27";"2.2uF";"C1608X7S1C225K080AE";"CAPC1608X80N";"Multilayer Ceramic Capacitors MLCC - SMD/SMT 0603 16VDC 2.2uF 10% X7S";"";"";"Multilayer Ceramic Capacitors MLCC - SMD/SMT 0603 16VDC 2.2uF 10% X7S";"";"0.8mm";"TDK";"C1608X7S1C225K080AE";"";"810-C1608X7S1C225K08";"https://www.mouser.co.uk/ProductDetail/TDK/C1608X7S1C225K080AE/?qs=zW32dvEIR3tqedNHz865EA%3D%3D";"";"";"";"2.2uF";
"C29";"2.2uF";"C1608X7S1C225K080AE";"CAPC1608X80N";"Multilayer Ceramic Capacitors MLCC - SMD/SMT 0603 16VDC 2.2uF 10% X7S";"";"";"Multilayer Ceramic Capacitors MLCC - SMD/SMT 0603 16VDC 2.2uF 10% X7S";"";"0.8mm";"TDK";"C1608X7S1C225K080AE";"";"810-C1608X7S1C225K08";"https://www.mouser.co.uk/ProductDetail/TDK/C1608X7S1C225K080AE/?qs=zW32dvEIR3tqedNHz865EA%3D%3D";"";"";"";"2.2uF";
"C30";"0.1uF";"C0805C104K5RAC7411";"CAPC2012X88N";"Cap Ceramic 0.1uF 50V X7R 10% Pad SMD 0805 125C T/R";"";"";"Cap Ceramic 0.1uF 50V X7R 10% Pad SMD 0805 125C T/R";"";"0.88mm";"Kemet";"C0805C104K5RAC7411";"";"80-C0805C104K5RACLR";"https://www.mouser.co.uk/ProductDetail/KEMET/C0805C104K5RAC7411/?qs=jbRM9o5BbzPcVXF0wW9AYg%3D%3D";"";"";"";"0.1uF";
"C31";"1uF";"C0805X105K8RAC7210";"CAPC2012X100N";"Multilayer Ceramic Capacitors MLCC - SMD/SMT 10V 1uF X7R 0805 10% Flex";"";"";"Multilayer Ceramic Capacitors MLCC - SMD/SMT 10V 1uF X7R 0805 10% Flex";"";"1mm";"Kemet";"C0805X105K8RAC7210";"";"80-C0805X105K8RACLR";"https://www.mouser.co.uk/ProductDetail/KEMET/C0805X105K8RAC7210?qs=ds50AKTGxA8Ac4j4qbsB5A%3D%3D";"";"";"";"";
"D1";"CPDQ5V0-HF";"CPDQ5V0-HF";"SODFL1006X40N";"ESD Suppressors / TVS Diodes SMD ESD Diode 5V Bi-Direction";"";"";"ESD Suppressors / TVS Diodes SMD ESD Diode 5V Bi-Direction";"";"0.4mm";"Comchip Technology";"CPDQ5V0-HF";"";"750-CPDQ5V0-HF";"https://www.mouser.co.uk/ProductDetail/Comchip-Technology/CPDQ5V0-HF/?qs=ccyN4P6STah119k8k5VB0Q%3D%3D";"";"";"";"";
"D2";"CPDQ5V0-HF";"CPDQ5V0-HF";"SODFL1006X40N";"ESD Suppressors / TVS Diodes SMD ESD Diode 5V Bi-Direction";"";"";"ESD Suppressors / TVS Diodes SMD ESD Diode 5V Bi-Direction";"";"0.4mm";"Comchip Technology";"CPDQ5V0-HF";"";"750-CPDQ5V0-HF";"https://www.mouser.co.uk/ProductDetail/Comchip-Technology/CPDQ5V0-HF/?qs=ccyN4P6STah119k8k5VB0Q%3D%3D";"";"";"";"";
"D3";"CPDQ5V0-HF";"CPDQ5V0-HF";"SODFL1006X40N";"ESD Suppressors / TVS Diodes SMD ESD Diode 5V Bi-Direction";"";"";"ESD Suppressors / TVS Diodes SMD ESD Diode 5V Bi-Direction";"";"0.4mm";"Comchip Technology";"CPDQ5V0-HF";"";"750-CPDQ5V0-HF";"https://www.mouser.co.uk/ProductDetail/Comchip-Technology/CPDQ5V0-HF/?qs=ccyN4P6STah119k8k5VB0Q%3D%3D";"";"";"";"";
"D4";"BAT760-7";"BAT760-7";"SOD2513X120N";"Diode Schottky 30V 1A 2Pin SOD323 Diodes Inc BAT760-7, SMT Schottky Diode, 30V 1A, 2-Pin SOD-323";"";"";"Diode Schottky 30V 1A 2Pin SOD323 Diodes Inc BAT760-7, SMT Schottky Diode, 30V 1A, 2-Pin SOD-323";"";"1.2mm";"Diodes Inc.";"BAT760-7";"";"621-BAT760-7";"https://www.mouser.co.uk/ProductDetail/Diodes-Incorporated/BAT760-7?qs=JV7lzlMm3yKDDyO09xoRbQ%3D%3D";"";"";"";"";
"D5";"SS34";"SS34";"DIOM8059X256N";"ON Semi SS34 SMT Schottky Diode, 40V 3A, 2-Pin DO-214AB";"";"";"ON Semi SS34 SMT Schottky Diode, 40V 3A, 2-Pin DO-214AB";"";"2.56mm";"ON Semiconductor";"SS34";"";"512-SS34";"https://www.mouser.co.uk/ProductDetail/ON-Semiconductor-Fairchild/SS34?qs=2ONuHmP%2FXzb3ub11UdFfdQ%3D%3D";"";"";"";"";
"D9";"BAT54S";"BAT54S";"SOT95P240X110-3N";"Schottky Diodes & Rectifiers SOT23 0.2A 30V Schot tky Dblr";"";"";"Schottky Diodes & Rectifiers SOT23 0.2A 30V Schot tky Dblr";"";"1.1mm";"Rectron";"BAT54S";"";"583-BAT54S";"https://www.mouser.co.uk/ProductDetail/Rectron/BAT54S/?qs=7pEAo90IqNGRiqD7TkybWA%3D%3D";"";"";"";"";
"D10";"BAT54S";"BAT54S";"SOT95P240X110-3N";"Schottky Diodes & Rectifiers SOT23 0.2A 30V Schot tky Dblr";"";"";"Schottky Diodes & Rectifiers SOT23 0.2A 30V Schot tky Dblr";"";"1.1mm";"Rectron";"BAT54S";"";"583-BAT54S";"https://www.mouser.co.uk/ProductDetail/Rectron/BAT54S/?qs=7pEAo90IqNGRiqD7TkybWA%3D%3D";"";"";"";"";
"D11";"BAT54S";"BAT54S";"SOT95P240X110-3N";"Schottky Diodes & Rectifiers SOT23 0.2A 30V Schot tky Dblr";"";"";"Schottky Diodes & Rectifiers SOT23 0.2A 30V Schot tky Dblr";"";"1.1mm";"Rectron";"BAT54S";"";"583-BAT54S";"https://www.mouser.co.uk/ProductDetail/Rectron/BAT54S/?qs=7pEAo90IqNGRiqD7TkybWA%3D%3D";"";"";"";"";
"D12";"BAT54S";"BAT54S";"SOT95P240X110-3N";"Schottky Diodes & Rectifiers SOT23 0.2A 30V Schot tky Dblr";"";"";"Schottky Diodes & Rectifiers SOT23 0.2A 30V Schot tky Dblr";"";"1.1mm";"Rectron";"BAT54S";"";"583-BAT54S";"https://www.mouser.co.uk/ProductDetail/Rectron/BAT54S/?qs=7pEAo90IqNGRiqD7TkybWA%3D%3D";"";"";"";"";
"IC1";"ESP32-WROOM-32D_M113DH2800PH3Q";"ESP32-WROOM-32D_M113DH2800PH3Q";"ESP32WROOM32DM113DH2800PH3Q0";"WiFi Modules (802.11) SMD Module, ESP32-D0WD, 32Mbits SPI flash, UART mode, PCB antenna";"";"";"WiFi Modules (802.11) SMD Module, ESP32-D0WD, 32Mbits SPI flash, UART mode, PCB antenna";"";"3.2mm";"Espressif Systems";"ESP32-WROOM-32D(M113DH2800PH3Q0)";"";"356-ES32WROOM32D16MB";"https://www.mouser.co.uk/ProductDetail/Espressif-Systems/ESP32-WROOM-32DM113DH2800PH3Q0/?qs=W%2FMpXkg%252BdQ75%2Fda1rSxxJw%3D%3D";"";"";"";"";
"IC2";"AP2112K-3.3TRG1";"AP2112K-3.3TRG1";"SOT95P282X130-5N";"600mA 3.3V LDO Regulator Enable SOT23-5 DiodesZetex AP2112K-3.3TRG1, LDO Voltage Regulator, 3.3 V +/-1.5%, 2.5  6 Vin, 5-Pin SOT-23";"";"";"600mA 3.3V LDO Regulator Enable SOT23-5 DiodesZetex AP2112K-3.3TRG1, LDO Voltage Regulator, 3.3 V +/-1.5%, 2.5  6 Vin, 5-Pin SOT-23";"";"1.3mm";"Diodes Inc.";"AP2112K-3.3TRG1";"";"621-AP2112K-3.3TRG1";"https://www.mouser.co.uk/ProductDetail/Diodes-Incorporated/AP2112K-33TRG1/?qs=x6A8l6qLYDDPYHosCdzh%2FA%3D%3D";"";"";"";"";
"IC3";"CP2102N-A02-GQFN28";"CP2102N-A02-GQFN28";"QFN50P500X500X80-29N";"SILICON LABS - CP2102N-A02-GQFN28 - USB TO UART BRIDGE, -40 TO 85DEG C";"";"";"SILICON LABS - CP2102N-A02-GQFN28 - USB TO UART BRIDGE, -40 TO 85DEG C";"";"0.8mm";"Silicon Labs";"CP2102N-A02-GQFN28";"";"634-CP2102NA02GQFN28";"https://www.mouser.co.uk/ProductDetail/Silicon-Labs/CP2102N-A02-GQFN28/?qs=u16ybLDytRaSBkSkyjYFiA%3D%3D";"";"";"";"";
"IC4";"AFE4400RHAR";"AFE4400RHAR";"QFN50P600X600X100-41N";"Integrated Analog Front End (AFE) for Heart-Rate Monitors and Low-Cost Pulse Oximeters";"";"";"Integrated Analog Front End (AFE) for Heart-Rate Monitors and Low-Cost Pulse Oximeters";"";"1mm";"Texas Instruments";"AFE4400RHAR";"";"595-AFE4400RHAR";"https://www.mouser.co.uk/ProductDetail/Texas-Instruments/AFE4400RHAR/?qs=MURVExHfc2zl%2FM9SqCv0pw%3D%3D";"";"";"";"";
"IC5";"MCP73832T-2DFI_OT";"MCP73832T-2DFI_OT";"SOT95P270X145-5N";"Battery Management 4.2V Li-Ion/Li-Poly Chrg mgnt controller";"";"";"Battery Management 4.2V Li-Ion/Li-Poly Chrg mgnt controller";"";"1.45mm";"Microchip";"MCP73832T-2DFI/OT";"";"579-MCP73832T2DFI/OT";"https://www.mouser.co.uk/ProductDetail/Microchip-Technology/MCP73832T-2DFI-OT?qs=Of9BA0M78V%2Fd7MaXZyVc5w%3D%3D";"";"";"";"";
"J1";"1734035-3";"1734035-3";"17340353";"USB Connectors Mini R/A SMT B Type";"";"";"USB Connectors Mini R/A SMT B Type";"";"3.95mm";"TE Connectivity";"1734035-3";"";"571-1734035-3";"https://www.mouser.co.uk/ProductDetail/TE-Connectivity/1734035-3?qs=JQ0T48ZyHbB%2Fl8a%2FPKP6Xw%3D%3D";"";"";"";"";
"J2";"47346-1001";"47346-1001";"473461001";"MOLEX - 47346-1001 - MULTIPOLE CONNECTOR";"";"";"MOLEX - 47346-1001 - MULTIPOLE CONNECTOR";"";"2.94mm";"Molex";"47346-1001";"";"538-47346-1001";"https://www.mouser.co.uk/ProductDetail/Molex/47346-1001/?qs=yd8XiKYcH9muPqUKe4E0Dw%3D%3D";"";"";"";"";
"J3";"B2B-PH-K-S(LF)(SN)";"B2B-PH-K-S(LF)(SN)";"JST_B2B-PH-K-S(LF)(SN)";"PH Series 2 Position 2 mm Pitch Through Hole Top Entry Shrouded Header";"";"";" Connector Header Through Hole 2 position 0.079 (2.00mm) ";"455-1704-ND";"";"";"";"JST Sales";"";"";"B2B-PH-K-S(LF)(SN)";"None";"https://pricing.snapeda.com/search/part/B2B-PH-K-S(LF)(SN)/?ref=eda";"";
"L1";"470nH";"LPS3010-471MRC";"LPS3010471MRC";"Fixed Inductors 470nH Shld 1.8A 70 mOhms AECQ2";"";"";"Fixed Inductors 470nH Shld 1.8A 70 mOhms AECQ2";"";"1mm";"COILCRAFT";"LPS3010-471MRC";"";"";"";"";"";"";"";
"L2";"470nH";"LPS3010-471MRC";"LPS3010471MRC";"Fixed Inductors 470nH Shld 1.8A 70 mOhms AECQ2";"";"";"Fixed Inductors 470nH Shld 1.8A 70 mOhms AECQ2";"";"1mm";"COILCRAFT";"LPS3010-471MRC";"";"";"";"";"";"";"";
"L3";"470nH";"LPS3010-471MRC";"LPS3010471MRC";"Fixed Inductors 470nH Shld 1.8A 70 mOhms AECQ2";"";"";"Fixed Inductors 470nH Shld 1.8A 70 mOhms AECQ2";"";"1mm";"COILCRAFT";"LPS3010-471MRC";"";"";"";"";"";"";"";
"L4";"470nH";"LPS3010-471MRC";"LPS3010471MRC";"Fixed Inductors 470nH Shld 1.8A 70 mOhms AECQ2";"";"";"Fixed Inductors 470nH Shld 1.8A 70 mOhms AECQ2";"";"1mm";"COILCRAFT";"LPS3010-471MRC";"";"";"";"";"";"";"";
"LED1";"150141RV73100";"150141RV73100";"SMD3528_1";"LED,Wurth Elektronik,150141RV73100 Wurth Elektronik 150141RV73100, WL-SBTW Series Bi-colour Green, Red LED, 572 / 625 nm 4-Pin 3528 (1411), Round Lens";"";"";"LED,Wurth Elektronik,150141RV73100 Wurth Elektronik 150141RV73100, WL-SBTW Series Bi-colour Green, Red LED, 572 / 625 nm 4-Pin 3528 (1411), Round Lens";"";"mm";"Wurth Elektronik";"150141RV73100";"";"710-150141RV73100";"https://www.mouser.co.uk/ProductDetail/Wurth-Elektronik/150141RV73100?qs=LlUlMxKIyB1w9QlMugtMLA%3D%3D";"";"";"";"";
"LED2";"LTST-C193KRKT-5A";"LTST-C193KRKT-5A";"LEDC1608X45N";"Lite-On LTST-C193KRKT-5A, 631 nm Red LED, 1608 (0603) SMD package";"";"";"Lite-On LTST-C193KRKT-5A, 631 nm Red LED, 1608 (0603) SMD package";"";"0.45mm";"Lite-On";"LTST-C193KRKT-5A";"";"859-LTSTC193KRKT5A";"https://www.mouser.co.uk/ProductDetail/Lite-On/LTST-C193KRKT-5A/?qs=xIkB7y1OTor17kZSHyF5tQ%3D%3D";"";"";"";"";
"Q1";"SS8050-G";"SS8050-G";"SOT95P240X115-3N";"Bipolar Transistors - BJT NPN TRANSISTOR 1.5A 40V";"";"";"Bipolar Transistors - BJT NPN TRANSISTOR 1.5A 40V";"";"1.15mm";"Comchip Technology";"SS8050-G";"";"750-SS8050-G";"https://www.mouser.co.uk/ProductDetail/Comchip-Technology/SS8050-G/?qs=LLUE9lz1YbcHg%252BWLMAtcrQ%3D%3D";"";"";"";"";
"Q2";"SS8050-G";"SS8050-G";"SOT95P240X115-3N";"Bipolar Transistors - BJT NPN TRANSISTOR 1.5A 40V";"";"";"Bipolar Transistors - BJT NPN TRANSISTOR 1.5A 40V";"";"1.15mm";"Comchip Technology";"SS8050-G";"";"750-SS8050-G";"https://www.mouser.co.uk/ProductDetail/Comchip-Technology/SS8050-G/?qs=LLUE9lz1YbcHg%252BWLMAtcrQ%3D%3D";"";"";"";"";
"Q3";"BSH205G2R";"BSH205G2R";"SOT95P230X110-3N";"MOSFET 20V P-channel Trench MOSFET";"";"";"MOSFET 20V P-channel Trench MOSFET";"";"1.1mm";"Nexperia";"BSH205G2R";"";"771-BSH205G2R";"https://www.mouser.co.uk/ProductDetail/Nexperia/BSH205G2R?qs=%252BRKXB2WKlScNIfK4SlBmFA%3D%3D";"";"";"";"";
"Q4";"KSC1815YTA";"KSC1815YTA";"BC33740TA";"Transistor, Fairchild, KSC1815YTA";"";"";"Transistor, Fairchild, KSC1815YTA";"";"mm";"ON Semiconductor";"KSC1815YTA";"";"512-KSC1815YTA";"https://www.mouser.co.uk/ProductDetail/ON-Semiconductor-Fairchild/KSC1815YTA?qs=ljbEvF4DwOP9FJQWOCoFLQ%3D%3D";"";"";"";"";
"R1";"0 Ohm";"CR0603AJ_-000ELF";"RESC1608X55N";"Thick Film Resistors - SMD ResA 0603 0R Jumper 100mW AEC-Q200";"";"";"Thick Film Resistors - SMD ResA 0603 0R Jumper 100mW AEC-Q200";"";"0.55mm";"Bourns";"CR0603AJ/-000ELF";"";"652-CR0603AJ/-000ELF";"https://www.mouser.co.uk/ProductDetail/Bourns/CR0603AJ-000ELF/?qs=GedFDFLaBXF8EepoWODZMQ%3D%3D";"";"";"";"0 Ohm";
"R2";"0 Ohm";"CR0603AJ_-000ELF";"RESC1608X55N";"Thick Film Resistors - SMD ResA 0603 0R Jumper 100mW AEC-Q200";"";"";"Thick Film Resistors - SMD ResA 0603 0R Jumper 100mW AEC-Q200";"";"0.55mm";"Bourns";"CR0603AJ/-000ELF";"";"652-CR0603AJ/-000ELF";"https://www.mouser.co.uk/ProductDetail/Bourns/CR0603AJ-000ELF/?qs=GedFDFLaBXF8EepoWODZMQ%3D%3D";"";"";"";"0 Ohm";
"R3";"10k";"HV73V1JTTD103J";"CAPC1608X55N";"Thick Film Resistors - SMD 10000Ohms 5% 0603 TCR=100 AEC-Q200";"";"";"Thick Film Resistors - SMD 10000Ohms 5% 0603 TCR=100 AEC-Q200";"";"0.55mm";"KOA Speer";"HV73V1JTTD103J";"";"660-HV73V1JTTD103J";"https://www.mouser.co.uk/ProductDetail/KOA-Speer/HV73V1JTTD103J?qs=xZ%2FP%252Ba9zWqbXuiWLWua7%2Fw%3D%3D";"";"";"";"10k";
"R4";"10k";"HV73V1JTTD103J";"CAPC1608X55N";"Thick Film Resistors - SMD 10000Ohms 5% 0603 TCR=100 AEC-Q200";"";"";"Thick Film Resistors - SMD 10000Ohms 5% 0603 TCR=100 AEC-Q200";"";"0.55mm";"KOA Speer";"HV73V1JTTD103J";"";"660-HV73V1JTTD103J";"https://www.mouser.co.uk/ProductDetail/KOA-Speer/HV73V1JTTD103J?qs=xZ%2FP%252Ba9zWqbXuiWLWua7%2Fw%3D%3D";"";"";"";"10k";
"R5";"10k";"HV73V1JTTD103J";"CAPC1608X55N";"Thick Film Resistors - SMD 10000Ohms 5% 0603 TCR=100 AEC-Q200";"";"";"Thick Film Resistors - SMD 10000Ohms 5% 0603 TCR=100 AEC-Q200";"";"0.55mm";"KOA Speer";"HV73V1JTTD103J";"";"660-HV73V1JTTD103J";"https://www.mouser.co.uk/ProductDetail/KOA-Speer/HV73V1JTTD103J?qs=xZ%2FP%252Ba9zWqbXuiWLWua7%2Fw%3D%3D";"";"";"";"10k";
"R6";"10k";"HV73V1JTTD103J";"CAPC1608X55N";"Thick Film Resistors - SMD 10000Ohms 5% 0603 TCR=100 AEC-Q200";"";"";"Thick Film Resistors - SMD 10000Ohms 5% 0603 TCR=100 AEC-Q200";"";"0.55mm";"KOA Speer";"HV73V1JTTD103J";"";"660-HV73V1JTTD103J";"https://www.mouser.co.uk/ProductDetail/KOA-Speer/HV73V1JTTD103J?qs=xZ%2FP%252Ba9zWqbXuiWLWua7%2Fw%3D%3D";"";"";"";"10k";
"R7";"2k";"ERJ-UP3F2001V";"RESC1608X55N";"Anti-Sulfurated Thick Film Chip Resistors / Anti-Surge Type";"";"";"Anti-Sulfurated Thick Film Chip Resistors / Anti-Surge Type";"";"0.55mm";"Panasonic";"ERJ-UP3F2001V";"";"";"";"";"";"";"2k";
"R8";"47.5K";"ERJ-UP3F4752V";"RESC1608X55N";"Thick Film Resistors - SMD AEC-Q200";"";"";"Thick Film Resistors - SMD AEC-Q200";"";"0.55mm";"Panasonic";"ERJ-UP3F4752V";"";"667-ERJ-UP3F4752V";"https://www.mouser.co.uk/ProductDetail/Panasonic/ERJ-UP3F4752V?qs=GedFDFLaBXGUd1E4zR%252BF8g%3D%3D";"";"";"";"47.5K";
"R9";"2k";"ERJ-UP3F2001V";"RESC1608X55N";"Anti-Sulfurated Thick Film Chip Resistors / Anti-Surge Type";"";"";"Anti-Sulfurated Thick Film Chip Resistors / Anti-Surge Type";"";"0.55mm";"Panasonic";"ERJ-UP3F2001V";"";"";"";"";"";"";"2k";
"R10";"22.1K";"ERJ-2RHD2212X";"RESC1005X40N";"Thick Film Resistors - SMD 0402 Resistor 0.5% 50ppm 22.1KOhm";"";"";"Thick Film Resistors - SMD 0402 Resistor 0.5% 50ppm 22.1KOhm";"";"0.4mm";"Panasonic";"ERJ-2RHD2212X";"";"667-ERJ-2RHD2212X";"https://www.mouser.co.uk/ProductDetail/Panasonic/ERJ-2RHD2212X?qs=pfd5qewlna6lhy494ElLrw%3D%3D";"";"";"";"22.1K";
"R11";"100k";"RCG0603100KJNEA";"RESC1608X50N";"RCG0603100KJNEA";"";"";"RCG0603100KJNEA";"";"0.5mm";"Vishay";"RCG0603100KJNEA";"";"71-RCG0603100KJNEA";"https://www.mouser.com/Search/Refine.aspx?Keyword=71-RCG0603100KJNEA";"";"";"";"100k";
"R12";"100k";"RCG0603100KJNEA";"RESC1608X50N";"RCG0603100KJNEA";"";"";"RCG0603100KJNEA";"";"0.5mm";"Vishay";"RCG0603100KJNEA";"";"71-RCG0603100KJNEA";"https://www.mouser.com/Search/Refine.aspx?Keyword=71-RCG0603100KJNEA";"";"";"";"100k";
"R13";"65ohm";"Y402265R0000A9W";"RESC2012X64N";"";"";"";" 65 Ohms ±0.05% 0.2W, 1/5W Chip Resistor 0805 (2012 Metric) Moisture Resistant, Non-Inductive Metal Foil ";"Y402265R0000A9W-ND";"";"";"";"Vishay";"";"";"Y402265R0000A9W";"2012 Vishay";"";"";
"R14";"65ohm";"Y402265R0000A9W";"RESC2012X64N";"";"";"";" 65 Ohms ±0.05% 0.2W, 1/5W Chip Resistor 0805 (2012 Metric) Moisture Resistant, Non-Inductive Metal Foil ";"Y402265R0000A9W-ND";"";"";"";"Vishay";"";"";"Y402265R0000A9W";"2012 Vishay";"";"";
"R15";"10k";"HV73V1JTTD103J";"CAPC1608X55N";"Thick Film Resistors - SMD 10000Ohms 5% 0603 TCR=100 AEC-Q200";"";"";"Thick Film Resistors - SMD 10000Ohms 5% 0603 TCR=100 AEC-Q200";"";"0.55mm";"KOA Speer";"HV73V1JTTD103J";"";"660-HV73V1JTTD103J";"https://www.mouser.co.uk/ProductDetail/KOA-Speer/HV73V1JTTD103J?qs=xZ%2FP%252Ba9zWqbXuiWLWua7%2Fw%3D%3D";"";"";"";"10k";
"R16";"10k";"HV73V1JTTD103J";"CAPC1608X55N";"Thick Film Resistors - SMD 10000Ohms 5% 0603 TCR=100 AEC-Q200";"";"";"Thick Film Resistors - SMD 10000Ohms 5% 0603 TCR=100 AEC-Q200";"";"0.55mm";"KOA Speer";"HV73V1JTTD103J";"";"660-HV73V1JTTD103J";"https://www.mouser.co.uk/ProductDetail/KOA-Speer/HV73V1JTTD103J?qs=xZ%2FP%252Ba9zWqbXuiWLWua7%2Fw%3D%3D";"";"";"";"10k";
"R17";"0 Ohm";"CR0603AJ_-000ELF";"RESC1608X55N";"Thick Film Resistors - SMD ResA 0603 0R Jumper 100mW AEC-Q200";"";"";"Thick Film Resistors - SMD ResA 0603 0R Jumper 100mW AEC-Q200";"";"0.55mm";"Bourns";"CR0603AJ/-000ELF";"";"652-CR0603AJ/-000ELF";"https://www.mouser.co.uk/ProductDetail/Bourns/CR0603AJ-000ELF/?qs=GedFDFLaBXF8EepoWODZMQ%3D%3D";"";"";"";"0 Ohm";
"R18";"0 Ohm";"CR0603AJ_-000ELF";"RESC1608X55N";"Thick Film Resistors - SMD ResA 0603 0R Jumper 100mW AEC-Q200";"";"";"Thick Film Resistors - SMD ResA 0603 0R Jumper 100mW AEC-Q200";"";"0.55mm";"Bourns";"CR0603AJ/-000ELF";"";"652-CR0603AJ/-000ELF";"https://www.mouser.co.uk/ProductDetail/Bourns/CR0603AJ-000ELF/?qs=GedFDFLaBXF8EepoWODZMQ%3D%3D";"";"";"";"0 Ohm";
"R19";"15k";"CRCW080515K0FKEBC";"RESC2012X60N";"Thick Film Resistors - SMD 1/8Watt 15Kohms 1% Commercial Use";"";"";"Thick Film Resistors - SMD 1/8Watt 15Kohms 1% Commercial Use";"";"0.6mm";"Vishay";"CRCW080515K0FKEBC";"";"71-CRCW080515K0FKEBC";"https://www.mouser.co.uk/ProductDetail/Vishay-Dale/CRCW080515K0FKEBC?qs=wd5RIQLrsJhoqkW23VWcpg%3D%3D";"";"";"";"15k";
"R20";"576";"CRCW0805576RFKEA";"RESC2012X50N";"RES, THICK FILM, 576R, 1%, 0.125W, 0805";"";"";" 576 Ohms ±1% 0.125W, 1/8W Chip Resistor 0805 (2012 Metric) Automotive AEC-Q200 Thick Film ";"541-576CCT-ND";"";"";"";"Vishay";"";"";"CRCW0805576RFKEA";"2012 Vishay";"https://pricing.snapeda.com/search/part/CRCW0805576RFKEA/?ref=eda";"576";
"R24";"0 Ohm";"CR0603AJ_-000ELF";"RESC1608X55N";"Thick Film Resistors - SMD ResA 0603 0R Jumper 100mW AEC-Q200";"";"";"Thick Film Resistors - SMD ResA 0603 0R Jumper 100mW AEC-Q200";"";"0.55mm";"Bourns";"CR0603AJ/-000ELF";"";"652-CR0603AJ/-000ELF";"https://www.mouser.co.uk/ProductDetail/Bourns/CR0603AJ-000ELF/?qs=GedFDFLaBXF8EepoWODZMQ%3D%3D";"";"";"";"0 Ohm";
"R25";"0 Ohm";"CR0603AJ_-000ELF";"RESC1608X55N";"Thick Film Resistors - SMD ResA 0603 0R Jumper 100mW AEC-Q200";"";"";"Thick Film Resistors - SMD ResA 0603 0R Jumper 100mW AEC-Q200";"";"0.55mm";"Bourns";"CR0603AJ/-000ELF";"";"652-CR0603AJ/-000ELF";"https://www.mouser.co.uk/ProductDetail/Bourns/CR0603AJ-000ELF/?qs=GedFDFLaBXF8EepoWODZMQ%3D%3D";"";"";"";"0 Ohm";
"R26";"0 Ohm";"CR0603AJ_-000ELF";"RESC1608X55N";"Thick Film Resistors - SMD ResA 0603 0R Jumper 100mW AEC-Q200";"";"";"Thick Film Resistors - SMD ResA 0603 0R Jumper 100mW AEC-Q200";"";"0.55mm";"Bourns";"CR0603AJ/-000ELF";"";"652-CR0603AJ/-000ELF";"https://www.mouser.co.uk/ProductDetail/Bourns/CR0603AJ-000ELF/?qs=GedFDFLaBXF8EepoWODZMQ%3D%3D";"";"";"";"0 Ohm";
"R27";"0 Ohm";"CR0603AJ_-000ELF";"RESC1608X55N";"Thick Film Resistors - SMD ResA 0603 0R Jumper 100mW AEC-Q200";"";"";"Thick Film Resistors - SMD ResA 0603 0R Jumper 100mW AEC-Q200";"";"0.55mm";"Bourns";"CR0603AJ/-000ELF";"";"652-CR0603AJ/-000ELF";"https://www.mouser.co.uk/ProductDetail/Bourns/CR0603AJ-000ELF/?qs=GedFDFLaBXF8EepoWODZMQ%3D%3D";"";"";"";"0 Ohm";
"S1";"1571294-3";"1571294-3";"15712943";"SWITCH,TACT,SMT,SEALED";"";"";"SWITCH,TACT,SMT,SEALED";"";"5.5mm";"TE Connectivity";"1571294-3";"";"506-1571294-3";"https://www.mouser.co.uk/ProductDetail/TE-Connectivity-PB/1571294-3/?qs=bkeGI61iuy0TyJA2A0%2FQXg%3D%3D";"";"";"";"";
"S2";"1571294-3";"1571294-3";"15712943";"SWITCH,TACT,SMT,SEALED";"";"";"SWITCH,TACT,SMT,SEALED";"";"5.5mm";"TE Connectivity";"1571294-3";"";"506-1571294-3";"https://www.mouser.co.uk/ProductDetail/TE-Connectivity-PB/1571294-3/?qs=bkeGI61iuy0TyJA2A0%2FQXg%3D%3D";"";"";"";"";
"S3";"AS11CH";"AS11CH";"AS11CH";"Switch Slide ON None OFF SPST Side Slide 0.1A 28VAC 28VDC 0.4VA 50000Cycles PC Pins Bracket Mount/Through Hole";"";"";"Switch Slide ON None OFF SPST Side Slide 0.1A 28VAC 28VDC 0.4VA 50000Cycles PC Pins Bracket Mount/Through Hole";"";"6.18mm";"NKK Switches";"AS11CH";"";"633-AS11CH";"https://www.mouser.co.uk/ProductDetail/NKK-Switches/AS11CH?qs=MODAV37v1mC%2FcDng1K%2FMsg%3D%3D";"";"";"";"";
"Y1";"ABM3B-8.000MHZ-10-1-U-T";"ABM3B-8.000MHZ-10-1-U-T";"ABM3B";"Abracon 8MHz Crystal +/-10ppm 4-SMD, No Lead 5 x 3 x 1.1mm";"";"";"Abracon 8MHz Crystal +/-10ppm 4-SMD, No Lead 5 x 3 x 1.1mm";"";"mm";"ABRACON";"ABM3B-8.000MHZ-10-1-U-T";"";"815-ABM3B8MHZ101UT";"https://www.mouser.co.uk/ProductDetail/ABRACON/ABM3B-8000MHZ-10-1-U-T?qs=axzvp2Rdp5%252B1td01iPkwcw%3D%3D";"";"";"";"";
